component,explained_var
1,0.524151623249054
2,0.30524709820747375
3,0.01969337649643421
4,0.01849936880171299
5,0.01736479625105858
6,0.015975678339600563
7,0.015705518424510956
8,0.014321567490696907
9,0.013359902426600456
10,0.01210941094905138
11,0.010975413955748081
12,0.010149671696126461
13,0.009259380400180817
14,0.0082289082929492
15,0.004958311561495066
